Workbook
Name BlockTypes: Table8[Block Types]
Name Categories: Table10[Categories]
Name Owners: Table13[Owners]
Name ReleaseTypes: Table12[Release Types]
Name Statuses: Table9[Statuses]
Name YesNo: Table11[Yes/No]

Sheet Dashboard
A1: AutoCAD-BlockBox Documentation
A2: Professional catalog, release tracker, and documentation index for the BlockBox block library.
A4: Metric | B4: Value | C4: Notes | E4: BlockBox Standards Snapshot
A5: Total Blocks | B5: =COUNTA(BLOCK_CATALOG!A5:A104) -> 4 | C5: All cataloged blocks | E5: Development Folder | F5: BLOCKS-Dev
A6: Dynamic Blocks | B6: =COUNTIF(BLOCK_CATALOG!C5:C104,"Dynamic") -> 3 | C6: Dynamic block definitions | E6: Production Folder | F6: BLOCKS-Release
A7: Static Blocks | B7: =COUNTIF(BLOCK_CATALOG!C5:C104,"Static") -> 1 | C7: Flat/sharing-safe blocks | E7: Versioning | F7: Semantic Versioning
A8: Production Blocks | B8: =COUNTIF(BLOCK_CATALOG!D5:D104,"Production") -> 2 | C8: Approved release blocks | E8: Dynamic Prefix | F8: D_
A9: Publish Needed | B9: =COUNTIF(RELEASE_TRACKER!F5:F104,"YES") -> 2 | C9: Dev version differs from release | E9: Static Prefix | F9: S_
A10: Latest Release Date | B10: =MAX(CHANGELOG!A5:A204) -> 46190 | C10: Most recent changelog date | E10: Tag Format | F10: <BlockName>-v<Version>
A13: Category Summary | E13: Recent Releases
A14: Category | B14: Dynamic | C14: Static | D14: Production | E14: Date | F14: Block | G14: Version | H14: Summary
A15: =CATEGORIES!A5 -> Utilities | B15: =CATEGORIES!C5 -> 3 | C15: =CATEGORIES!D5 -> 1 | D15: =CATEGORIES!E5 -> 2 | E15: =CHANGELOG!A5 -> 46190 | F15: =CHANGELOG!B5 -> D_UTILITIES_MANHOLE | G15: =CHANGELOG!C5 -> 2.1.0 | H15: =CHANGELOG!F5 -> Added 24x42 visibility state.
A16: =CATEGORIES!A6 -> Traffic | B16: =CATEGORIES!C6 -> 0 | C16: =CATEGORIES!D6 -> 0 | D16: =CATEGORIES!E6 -> 0 | E16: =CHANGELOG!A6 -> 46190 | F16: =CHANGELOG!B6 -> S_UTILITIES_MANHOLE | G16: =CHANGELOG!C6 -> 1.0.0 | H16: =CHANGELOG!F6 -> Initial static sharing-safe block.
A17: =CATEGORIES!A7 -> Survey | B17: =CATEGORIES!C7 -> 0 | C17: =CATEGORIES!D7 -> 0 | D17: =CATEGORIES!E7 -> 0 | E17: =CHANGELOG!A7 -> 0 | F17: =CHANGELOG!B7 -> 0 | G17: =CHANGELOG!C7 -> 0 | H17: =CHANGELOG!F7 -> 0
A18: =CATEGORIES!A8 -> Restoration | B18: =CATEGORIES!C8 -> 0 | C18: =CATEGORIES!D8 -> 0 | D18: =CATEGORIES!E8 -> 0 | E18: =CHANGELOG!A8 -> 0 | F18: =CHANGELOG!B8 -> 0 | G18: =CHANGELOG!C8 -> 0 | H18: =CHANGELOG!F8 -> 0
A19: =CATEGORIES!A9 -> Construction | B19: =CATEGORIES!C9 -> 0 | C19: =CATEGORIES!D9 -> 0 | D19: =CATEGORIES!E9 -> 0 | E19: =CHANGELOG!A9 -> 0 | F19: =CHANGELOG!B9 -> 0 | G19: =CHANGELOG!C9 -> 0 | H19: =CHANGELOG!F9 -> 0
A20: =CATEGORIES!A10 -> Details | B20: =CATEGORIES!C10 -> 0 | C20: =CATEGORIES!D10 -> 0 | D20: =CATEGORIES!E10 -> 0 | E20: =CHANGELOG!A10 -> 0 | F20: =CHANGELOG!B10 -> 0 | G20: =CHANGELOG!C10 -> 0 | H20: =CHANGELOG!F10 -> 0

Sheet BLOCK_CATALOG
A1: BlockBox Master Catalog
A2: Single source of truth for dynamic and static AutoCAD blocks.
A4: Block Name | B4: Category | C4: Type | D4: Status | E4: Current Version | F4: Dev Version | G4: Last Release | H4: Author | I4: Preview Image | J4: DWG Path | K4: Package JSON | L4: Changelog | M4: Git Tag | N4: Notes
A5: D_UTILITIES_MANHOLE | B5: Utilities | C5: Dynamic | D5: Production | E5: 2.1.0 | F5: 2.1.0 | G5: 46190 | H5: Jason Hagen | I5: preview.png | J5: BLOCKS-Release/Dynamic/Utilities/D_UTILITIES_MANHOLE/D_UTILITIES_MANHOLE.dwg | K5: package-definitions/D_UTILITIES_MANHOLE.json | L5: changelogs/D_UTILITIES_MANHOLE.md | M5: D_UTILITIES_MANHOLE-v2.1.0 | N5: Standard utility manhole block.
A6: D_UTILITIES_PEDESTAL | B6: Utilities | C6: Dynamic | D6: Development | E6: 1.0.0 | F6: 1.1.0 | H6: Jason Hagen | I6: preview.png | J6: BLOCKS-Dev/Dynamic/Utilities/D_UTILITIES_PEDESTAL/D_UTILITIES_PEDESTAL.dwg | K6: package-definitions/D_UTILITIES_PEDESTAL.json | L6: changelogs/D_UTILITIES_PEDESTAL.md | M6: D_UTILITIES_PEDESTAL-v1.0.0 | N6: Pedestal block with lookup/visibility states.
A7: S_UTILITIES_MANHOLE | B7: Utilities | C7: Static | D7: Production | E7: 1.0.0 | F7: 1.0.0 | G7: 46190 | H7: Jason Hagen | I7: preview.png | J7: BLOCKS-Release/Static/Utilities/S_UTILITIES_MANHOLE/S_UTILITIES_MANHOLE.dwg | K7: package-definitions/S_UTILITIES_MANHOLE.json | L7: changelogs/S_UTILITIES_MANHOLE.md | M7: S_UTILITIES_MANHOLE-v1.0.0 | N7: Flat/static sharing-safe manhole block.
A8: D_UTILITIES_VALVE | B8: Utilities | C8: Dynamic | D8: Testing | E8: 0.9.0 | F8: 1.0.0 | H8: Jason Hagen | I8: preview.png | J8: BLOCKS-Dev/Dynamic/Utilities/D_UTILITIES_VALVE/D_UTILITIES_VALVE.dwg | K8: package-definitions/D_UTILITIES_VALVE.json | L8: changelogs/D_UTILITIES_VALVE.md | N8: Testing before first production release.

Sheet VISIBILITY_STATES
A1: Visibility States
A2: Track each dynamic block visibility state and release impact.
A4: Block Name | B4: Visibility State | C4: Description | D4: Status | E4: Added Version | F4: Last Updated | G4: QA Checked | H4: Notes
A5: D_UTILITIES_MANHOLE | B5: 24x36 | C5: Standard rectangular manhole option. | D5: Production | E5: 2.0.0 | F5: 46190 | G5: Yes
A6: D_UTILITIES_MANHOLE | B6: 24x42 | C6: Large rectangular manhole option. | D6: Production | E6: 2.1.0 | F6: 46190 | G6: Yes
A7: D_UTILITIES_PEDESTAL | B7: 8x8 | C7: Small rectangular pedestal. | D7: Development | E7: 1.0.0 | G7: No
A8: D_UTILITIES_PEDESTAL | B8: 12x24 | C8: Wide rectangular pedestal. | D8: Development | E8: 1.0.0 | G8: No
A9: D_UTILITIES_PEDESTAL | B9: Cat House | C9: Cat house pedestal shape. | D9: Development | E9: 1.0.0 | G9: No
A10: D_UTILITIES_PEDESTAL | B10: Dog House | C10: Dog house pedestal shape. | D10: Development | E10: 1.0.0 | G10: No

Sheet ATTRIBUTES
A1: Block Attributes
A2: Catalog attribute tags, defaults, requirements, and notes.
A4: Block Name | B4: Attribute Tag | C4: Prompt | D4: Default Value | E4: Required | F4: Visible | G4: Locked | H4: Added Version | I4: Last Updated | J4: Notes
A5: D_UTILITIES_MANHOLE | B5: SIZE | C5: Structure Size | D5: 24x36 | E5: Yes | F5: Yes | G5: No | H5: 2.0.0 | I5: 46190
A6: D_UTILITIES_MANHOLE | B6: OWNER | C6: Utility Owner | E6: No | F6: Yes | G6: No | H6: 2.0.0 | I6: 46190 | J6: Optional label.
A7: D_UTILITIES_PEDESTAL | B7: SIZE | C7: Pedestal Size | D7: 8x8 | E7: Yes | F7: Yes | G7: No | H7: 1.0.0
A8: D_UTILITIES_PEDESTAL | B8: TYPE | C8: Pedestal Type | D8: Cat House | E8: Yes | F8: Yes | G8: No | H8: 1.0.0

Sheet CHANGELOG
A1: BlockBox Changelog Index
A2: Workbook-level release log. Each block still keeps its own changelog markdown file.
A4: Date | B4: Block Name | C4: Version | D4: Release Type | E4: Area | F4: Change Summary | G4: Git Tag | H4: Updated By | I4: Notes
A5: 46190 | B5: D_UTILITIES_MANHOLE | C5: 2.1.0 | D5: MINOR | E5: Visibility | F5: Added 24x42 visibility state. | G5: D_UTILITIES_MANHOLE-v2.1.0 | H5: Jason Hagen
A6: 46190 | B6: S_UTILITIES_MANHOLE | C6: 1.0.0 | D6: MAJOR | E6: Static Export | F6: Initial static sharing-safe block. | G6: S_UTILITIES_MANHOLE-v1.0.0 | H6: Jason Hagen

Sheet CATEGORIES
A1: Block Categories
A2: Standard categories used by BlockBox.
A4: Category | B4: Description | C4: Dynamic Count | D4: Static Count | E4: Production Count | F4: Notes
A5: Utilities | B5: Utility-related structures, valves, pedestals, vaults, and appurtenances. | C5: =COUNTIFS(BLOCK_CATALOG!$B:$B,A5,BLOCK_CATALOG!$C:$C,"Dynamic") -> 3 | D5: =COUNTIFS(BLOCK_CATALOG!$B:$B,A5,BLOCK_CATALOG!$C:$C,"Static") -> 1 | E5: =COUNTIFS(BLOCK_CATALOG!$B:$B,A5,BLOCK_CATALOG!$D:$D,"Production") -> 2
A6: Traffic | B6: Traffic signs, striping, signals, and control devices. | C6: =COUNTIFS(BLOCK_CATALOG!$B:$B,A6,BLOCK_CATALOG!$C:$C,"Dynamic") -> 0 | D6: =COUNTIFS(BLOCK_CATALOG!$B:$B,A6,BLOCK_CATALOG!$C:$C,"Static") -> 0 | E6: =COUNTIFS(BLOCK_CATALOG!$B:$B,A6,BLOCK_CATALOG!$D:$D,"Production") -> 0
A7: Survey | B7: Survey control, monuments, and point marker blocks. | C7: =COUNTIFS(BLOCK_CATALOG!$B:$B,A7,BLOCK_CATALOG!$C:$C,"Dynamic") -> 0 | D7: =COUNTIFS(BLOCK_CATALOG!$B:$B,A7,BLOCK_CATALOG!$C:$C,"Static") -> 0 | E7: =COUNTIFS(BLOCK_CATALOG!$B:$B,A7,BLOCK_CATALOG!$D:$D,"Production") -> 0
A8: Restoration | B8: Restoration area and repair blocks. | C8: =COUNTIFS(BLOCK_CATALOG!$B:$B,A8,BLOCK_CATALOG!$C:$C,"Dynamic") -> 0 | D8: =COUNTIFS(BLOCK_CATALOG!$B:$B,A8,BLOCK_CATALOG!$C:$C,"Static") -> 0 | E8: =COUNTIFS(BLOCK_CATALOG!$B:$B,A8,BLOCK_CATALOG!$D:$D,"Production") -> 0
A9: Construction | B9: Construction phase and detail blocks. | C9: =COUNTIFS(BLOCK_CATALOG!$B:$B,A9,BLOCK_CATALOG!$C:$C,"Dynamic") -> 0 | D9: =COUNTIFS(BLOCK_CATALOG!$B:$B,A9,BLOCK_CATALOG!$C:$C,"Static") -> 0 | E9: =COUNTIFS(BLOCK_CATALOG!$B:$B,A9,BLOCK_CATALOG!$D:$D,"Production") -> 0
A10: Details | B10: Standard details and sheet detail blocks. | C10: =COUNTIFS(BLOCK_CATALOG!$B:$B,A10,BLOCK_CATALOG!$C:$C,"Dynamic") -> 0 | D10: =COUNTIFS(BLOCK_CATALOG!$B:$B,A10,BLOCK_CATALOG!$C:$C,"Static") -> 0 | E10: =COUNTIFS(BLOCK_CATALOG!$B:$B,A10,BLOCK_CATALOG!$D:$D,"Production") -> 0

Sheet CANVA_EXPORT
A1: Canva Catalog Export
A2: Use this sheet later for Canva Bulk Create or PDF catalog generation.
A4: Block Name | B4: Category | C4: Type | D4: Version | E4: Status | F4: Short Description | G4: Preview Image | H4: Release Date | I4: Tagline | J4: DWG Path | K4: Notes
A5: =BLOCK_CATALOG!A5 -> D_UTILITIES_MANHOLE | B5: =BLOCK_CATALOG!B5 -> Utilities | C5: =BLOCK_CATALOG!C5 -> Dynamic | D5: =BLOCK_CATALOG!E5 -> 2.1.0 | E5: =BLOCK_CATALOG!D5 -> Production | F5: =BLOCK_CATALOG!N5 -> Standard utility manhole block. | G5: =BLOCK_CATALOG!I5 -> preview.png | H5: =BLOCK_CATALOG!G5 -> 46190 | I5: Production-ready AutoCAD block. | J5: =BLOCK_CATALOG!J5 -> BLOCKS-Release/Dynamic/Utilities/D_UTILITIES_MANHOLE/D_UTILITIES_MANHOLE.dwg
A6: =BLOCK_CATALOG!A6 -> D_UTILITIES_PEDESTAL | B6: =BLOCK_CATALOG!B6 -> Utilities | C6: =BLOCK_CATALOG!C6 -> Dynamic | D6: =BLOCK_CATALOG!E6 -> 1.0.0 | E6: =BLOCK_CATALOG!D6 -> Development | F6: =BLOCK_CATALOG!N6 -> Pedestal block with lookup/visibility states. | G6: =BLOCK_CATALOG!I6 -> preview.png | H6: =BLOCK_CATALOG!G6 -> 0 | I6: Dynamic block under development. | J6: =BLOCK_CATALOG!J6 -> BLOCKS-Dev/Dynamic/Utilities/D_UTILITIES_PEDESTAL/D_UTILITIES_PEDESTAL.dwg
A7: =BLOCK_CATALOG!A7 -> S_UTILITIES_MANHOLE | B7: =BLOCK_CATALOG!B7 -> Utilities | C7: =BLOCK_CATALOG!C7 -> Static | D7: =BLOCK_CATALOG!E7 -> 1.0.0 | E7: =BLOCK_CATALOG!D7 -> Production | F7: =BLOCK_CATALOG!N7 -> Flat/static sharing-safe manhole block. | G7: =BLOCK_CATALOG!I7 -> preview.png | H7: =BLOCK_CATALOG!G7 -> 46190 | I7: Static sharing-safe block. | J7: =BLOCK_CATALOG!J7 -> BLOCKS-Release/Static/Utilities/S_UTILITIES_MANHOLE/S_UTILITIES_MANHOLE.dwg
A8: =BLOCK_CATALOG!A8 -> D_UTILITIES_VALVE | B8: =BLOCK_CATALOG!B8 -> Utilities | C8: =BLOCK_CATALOG!C8 -> Dynamic | D8: =BLOCK_CATALOG!E8 -> 0.9.0 | E8: =BLOCK_CATALOG!D8 -> Testing | F8: =BLOCK_CATALOG!N8 -> Testing before first production release. | G8: =BLOCK_CATALOG!I8 -> preview.png | H8: =BLOCK_CATALOG!G8 -> 0 | I8: Testing before release. | J8: =BLOCK_CATALOG!J8 -> BLOCKS-Dev/Dynamic/Utilities/D_UTILITIES_VALVE/D_UTILITIES_VALVE.dwg
A9: =BLOCK_CATALOG!A9 -> 0 | B9: =BLOCK_CATALOG!B9 -> 0 | C9: =BLOCK_CATALOG!C9 -> 0 | D9: =BLOCK_CATALOG!E9 -> 0 | E9: =BLOCK_CATALOG!D9 -> 0 | F9: =BLOCK_CATALOG!N9 -> 0 | G9: =BLOCK_CATALOG!I9 -> 0 | H9: =BLOCK_CATALOG!G9 -> 0 | J9: =BLOCK_CATALOG!J9 -> 0
A10: =BLOCK_CATALOG!A10 -> 0 | B10: =BLOCK_CATALOG!B10 -> 0 | C10: =BLOCK_CATALOG!C10 -> 0 | D10: =BLOCK_CATALOG!E10 -> 0 | E10: =BLOCK_CATALOG!D10 -> 0 | F10: =BLOCK_CATALOG!N10 -> 0 | G10: =BLOCK_CATALOG!I10 -> 0 | H10: =BLOCK_CATALOG!G10 -> 0 | J10: =BLOCK_CATALOG!J10 -> 0
A11: =BLOCK_CATALOG!A11 -> 0 | B11: =BLOCK_CATALOG!B11 -> 0 | C11: =BLOCK_CATALOG!C11 -> 0 | D11: =BLOCK_CATALOG!E11 -> 0 | E11: =BLOCK_CATALOG!D11 -> 0 | F11: =BLOCK_CATALOG!N11 -> 0 | G11: =BLOCK_CATALOG!I11 -> 0 | H11: =BLOCK_CATALOG!G11 -> 0 | J11: =BLOCK_CATALOG!J11 -> 0
A12: =BLOCK_CATALOG!A12 -> 0 | B12: =BLOCK_CATALOG!B12 -> 0 | C12: =BLOCK_CATALOG!C12 -> 0 | D12: =BLOCK_CATALOG!E12 -> 0 | E12: =BLOCK_CATALOG!D12 -> 0 | F12: =BLOCK_CATALOG!N12 -> 0 | G12: =BLOCK_CATALOG!I12 -> 0 | H12: =BLOCK_CATALOG!G12 -> 0 | J12: =BLOCK_CATALOG!J12 -> 0
A13: =BLOCK_CATALOG!A13 -> 0 | B13: =BLOCK_CATALOG!B13 -> 0 | C13: =BLOCK_CATALOG!C13 -> 0 | D13: =BLOCK_CATALOG!E13 -> 0 | E13: =BLOCK_CATALOG!D13 -> 0 | F13: =BLOCK_CATALOG!N13 -> 0 | G13: =BLOCK_CATALOG!I13 -> 0 | H13: =BLOCK_CATALOG!G13 -> 0 | J13: =BLOCK_CATALOG!J13 -> 0
A14: =BLOCK_CATALOG!A14 -> 0 | B14: =BLOCK_CATALOG!B14 -> 0 | C14: =BLOCK_CATALOG!C14 -> 0 | D14: =BLOCK_CATALOG!E14 -> 0 | E14: =BLOCK_CATALOG!D14 -> 0 | F14: =BLOCK_CATALOG!N14 -> 0 | G14: =BLOCK_CATALOG!I14 -> 0 | H14: =BLOCK_CATALOG!G14 -> 0 | J14: =BLOCK_CATALOG!J14 -> 0
A15: =BLOCK_CATALOG!A15 -> 0 | B15: =BLOCK_CATALOG!B15 -> 0 | C15: =BLOCK_CATALOG!C15 -> 0 | D15: =BLOCK_CATALOG!E15 -> 0 | E15: =BLOCK_CATALOG!D15 -> 0 | F15: =BLOCK_CATALOG!N15 -> 0 | G15: =BLOCK_CATALOG!I15 -> 0 | H15: =BLOCK_CATALOG!G15 -> 0 | J15: =BLOCK_CATALOG!J15 -> 0
A16: =BLOCK_CATALOG!A16 -> 0 | B16: =BLOCK_CATALOG!B16 -> 0 | C16: =BLOCK_CATALOG!C16 -> 0 | D16: =BLOCK_CATALOG!E16 -> 0 | E16: =BLOCK_CATALOG!D16 -> 0 | F16: =BLOCK_CATALOG!N16 -> 0 | G16: =BLOCK_CATALOG!I16 -> 0 | H16: =BLOCK_CATALOG!G16 -> 0 | J16: =BLOCK_CATALOG!J16 -> 0
A17: =BLOCK_CATALOG!A17 -> 0 | B17: =BLOCK_CATALOG!B17 -> 0 | C17: =BLOCK_CATALOG!C17 -> 0 | D17: =BLOCK_CATALOG!E17 -> 0 | E17: =BLOCK_CATALOG!D17 -> 0 | F17: =BLOCK_CATALOG!N17 -> 0 | G17: =BLOCK_CATALOG!I17 -> 0 | H17: =BLOCK_CATALOG!G17 -> 0 | J17: =BLOCK_CATALOG!J17 -> 0
A18: =BLOCK_CATALOG!A18 -> 0 | B18: =BLOCK_CATALOG!B18 -> 0 | C18: =BLOCK_CATALOG!C18 -> 0 | D18: =BLOCK_CATALOG!E18 -> 0 | E18: =BLOCK_CATALOG!D18 -> 0 | F18: =BLOCK_CATALOG!N18 -> 0 | G18: =BLOCK_CATALOG!I18 -> 0 | H18: =BLOCK_CATALOG!G18 -> 0 | J18: =BLOCK_CATALOG!J18 -> 0
A19: =BLOCK_CATALOG!A19 -> 0 | B19: =BLOCK_CATALOG!B19 -> 0 | C19: =BLOCK_CATALOG!C19 -> 0 | D19: =BLOCK_CATALOG!E19 -> 0 | E19: =BLOCK_CATALOG!D19 -> 0 | F19: =BLOCK_CATALOG!N19 -> 0 | G19: =BLOCK_CATALOG!I19 -> 0 | H19: =BLOCK_CATALOG!G19 -> 0 | J19: =BLOCK_CATALOG!J19 -> 0
A20: =BLOCK_CATALOG!A20 -> 0 | B20: =BLOCK_CATALOG!B20 -> 0 | C20: =BLOCK_CATALOG!C20 -> 0 | D20: =BLOCK_CATALOG!E20 -> 0 | E20: =BLOCK_CATALOG!D20 -> 0 | F20: =BLOCK_CATALOG!N20 -> 0 | G20: =BLOCK_CATALOG!I20 -> 0 | H20: =BLOCK_CATALOG!G20 -> 0 | J20: =BLOCK_CATALOG!J20 -> 0
... A104: =BLOCK_CATALOG!A104 -> 0 | B104: =BLOCK_CATALOG!B104 -> 0 | C104: =BLOCK_CATALOG!C104 -> 0 | D104: =BLOCK_CATALOG!E104 -> 0 | E104: =BLOCK_CATALOG!D104 -> 0 | F104: =BLOCK_CATALOG!N104 -> 0 | G104: =BLOCK_CATALOG!I104 -> 0 | H104: =BLOCK_CATALOG!G104 -> 0 | J104: =BLOCK_CATALOG!J104 -> 0

Sheet RELEASE_TRACKER
A1: Release Tracker
A2: Compare development and release versions to see what needs publishing.
A4: Block Name | B4: Type | C4: Status | D4: Current Release Version | E4: Dev Version | F4: Publish Needed | G4: Next Release Type | H4: Next Version | I4: Last Release | J4: Package ZIP | K4: Notes
A5: =BLOCK_CATALOG!A5 -> D_UTILITIES_MANHOLE | B5: =BLOCK_CATALOG!C5 -> Dynamic | C5: =BLOCK_CATALOG!D5 -> Production | D5: =BLOCK_CATALOG!E5 -> 2.1.0 | E5: =BLOCK_CATALOG!F5 -> 2.1.0 | F5: =IF(A5="","",IF(D5<>E5,"YES","NO")) -> NO | G5: PATCH | H5: =IF(A5="","",E5) -> 2.1.0 | I5: =BLOCK_CATALOG!G5 -> 46190 | J5: =IF(A5="","",A5&"-v"&H5&".zip") -> D_UTILITIES_MANHOLE-v2.1.0.zip
A6: =BLOCK_CATALOG!A6 -> D_UTILITIES_PEDESTAL | B6: =BLOCK_CATALOG!C6 -> Dynamic | C6: =BLOCK_CATALOG!D6 -> Development | D6: =BLOCK_CATALOG!E6 -> 1.0.0 | E6: =BLOCK_CATALOG!F6 -> 1.1.0 | F6: =IF(A6="","",IF(D6<>E6,"YES","NO")) -> YES | G6: PATCH | H6: =IF(A6="","",E6) -> 1.1.0 | I6: =BLOCK_CATALOG!G6 -> 0 | J6: =IF(A6="","",A6&"-v"&H6&".zip") -> D_UTILITIES_PEDESTAL-v1.1.0.zip
A7: =BLOCK_CATALOG!A7 -> S_UTILITIES_MANHOLE | B7: =BLOCK_CATALOG!C7 -> Static | C7: =BLOCK_CATALOG!D7 -> Production | D7: =BLOCK_CATALOG!E7 -> 1.0.0 | E7: =BLOCK_CATALOG!F7 -> 1.0.0 | F7: =IF(A7="","",IF(D7<>E7,"YES","NO")) -> NO | G7: PATCH | H7: =IF(A7="","",E7) -> 1.0.0 | I7: =BLOCK_CATALOG!G7 -> 46190 | J7: =IF(A7="","",A7&"-v"&H7&".zip") -> S_UTILITIES_MANHOLE-v1.0.0.zip
A8: =BLOCK_CATALOG!A8 -> D_UTILITIES_VALVE | B8: =BLOCK_CATALOG!C8 -> Dynamic | C8: =BLOCK_CATALOG!D8 -> Testing | D8: =BLOCK_CATALOG!E8 -> 0.9.0 | E8: =BLOCK_CATALOG!F8 -> 1.0.0 | F8: =IF(A8="","",IF(D8<>E8,"YES","NO")) -> YES | G8: PATCH | H8: =IF(A8="","",E8) -> 1.0.0 | I8: =BLOCK_CATALOG!G8 -> 0 | J8: =IF(A8="","",A8&"-v"&H8&".zip") -> D_UTILITIES_VALVE-v1.0.0.zip
A9: =BLOCK_CATALOG!A9 -> 0 | B9: =BLOCK_CATALOG!C9 -> 0 | C9: =BLOCK_CATALOG!D9 -> 0 | D9: =BLOCK_CATALOG!E9 -> 0 | E9: =BLOCK_CATALOG!F9 -> 0 | F9: =IF(A9="","",IF(D9<>E9,"YES","NO")) -> NO | G9: PATCH | H9: =IF(A9="","",E9) -> 0 | I9: =BLOCK_CATALOG!G9 -> 0 | J9: =IF(A9="","",A9&"-v"&H9&".zip") -> 0-v0.zip
A10: =BLOCK_CATALOG!A10 -> 0 | B10: =BLOCK_CATALOG!C10 -> 0 | C10: =BLOCK_CATALOG!D10 -> 0 | D10: =BLOCK_CATALOG!E10 -> 0 | E10: =BLOCK_CATALOG!F10 -> 0 | F10: =IF(A10="","",IF(D10<>E10,"YES","NO")) -> NO | G10: PATCH | H10: =IF(A10="","",E10) -> 0 | I10: =BLOCK_CATALOG!G10 -> 0 | J10: =IF(A10="","",A10&"-v"&H10&".zip") -> 0-v0.zip
A11: =BLOCK_CATALOG!A11 -> 0 | B11: =BLOCK_CATALOG!C11 -> 0 | C11: =BLOCK_CATALOG!D11 -> 0 | D11: =BLOCK_CATALOG!E11 -> 0 | E11: =BLOCK_CATALOG!F11 -> 0 | F11: =IF(A11="","",IF(D11<>E11,"YES","NO")) -> NO | G11: PATCH | H11: =IF(A11="","",E11) -> 0 | I11: =BLOCK_CATALOG!G11 -> 0 | J11: =IF(A11="","",A11&"-v"&H11&".zip") -> 0-v0.zip
A12: =BLOCK_CATALOG!A12 -> 0 | B12: =BLOCK_CATALOG!C12 -> 0 | C12: =BLOCK_CATALOG!D12 -> 0 | D12: =BLOCK_CATALOG!E12 -> 0 | E12: =BLOCK_CATALOG!F12 -> 0 | F12: =IF(A12="","",IF(D12<>E12,"YES","NO")) -> NO | G12: PATCH | H12: =IF(A12="","",E12) -> 0 | I12: =BLOCK_CATALOG!G12 -> 0 | J12: =IF(A12="","",A12&"-v"&H12&".zip") -> 0-v0.zip
A13: =BLOCK_CATALOG!A13 -> 0 | B13: =BLOCK_CATALOG!C13 -> 0 | C13: =BLOCK_CATALOG!D13 -> 0 | D13: =BLOCK_CATALOG!E13 -> 0 | E13: =BLOCK_CATALOG!F13 -> 0 | F13: =IF(A13="","",IF(D13<>E13,"YES","NO")) -> NO | G13: PATCH | H13: =IF(A13="","",E13) -> 0 | I13: =BLOCK_CATALOG!G13 -> 0 | J13: =IF(A13="","",A13&"-v"&H13&".zip") -> 0-v0.zip
A14: =BLOCK_CATALOG!A14 -> 0 | B14: =BLOCK_CATALOG!C14 -> 0 | C14: =BLOCK_CATALOG!D14 -> 0 | D14: =BLOCK_CATALOG!E14 -> 0 | E14: =BLOCK_CATALOG!F14 -> 0 | F14: =IF(A14="","",IF(D14<>E14,"YES","NO")) -> NO | G14: PATCH | H14: =IF(A14="","",E14) -> 0 | I14: =BLOCK_CATALOG!G14 -> 0 | J14: =IF(A14="","",A14&"-v"&H14&".zip") -> 0-v0.zip
A15: =BLOCK_CATALOG!A15 -> 0 | B15: =BLOCK_CATALOG!C15 -> 0 | C15: =BLOCK_CATALOG!D15 -> 0 | D15: =BLOCK_CATALOG!E15 -> 0 | E15: =BLOCK_CATALOG!F15 -> 0 | F15: =IF(A15="","",IF(D15<>E15,"YES","NO")) -> NO | G15: PATCH | H15: =IF(A15="","",E15) -> 0 | I15: =BLOCK_CATALOG!G15 -> 0 | J15: =IF(A15="","",A15&"-v"&H15&".zip") -> 0-v0.zip
A16: =BLOCK_CATALOG!A16 -> 0 | B16: =BLOCK_CATALOG!C16 -> 0 | C16: =BLOCK_CATALOG!D16 -> 0 | D16: =BLOCK_CATALOG!E16 -> 0 | E16: =BLOCK_CATALOG!F16 -> 0 | F16: =IF(A16="","",IF(D16<>E16,"YES","NO")) -> NO | G16: PATCH | H16: =IF(A16="","",E16) -> 0 | I16: =BLOCK_CATALOG!G16 -> 0 | J16: =IF(A16="","",A16&"-v"&H16&".zip") -> 0-v0.zip
... A104: =BLOCK_CATALOG!A104 -> 0 | B104: =BLOCK_CATALOG!C104 -> 0 | C104: =BLOCK_CATALOG!D104 -> 0 | D104: =BLOCK_CATALOG!E104 -> 0 | E104: =BLOCK_CATALOG!F104 -> 0 | F104: =IF(A104="","",IF(D104<>E104,"YES","NO")) -> NO | G104: PATCH | H104: =IF(A104="","",E104) -> 0 | I104: =BLOCK_CATALOG!G104 -> 0 | J104: =IF(A104="","",A104&"-v"&H104&".zip") -> 0-v0.zip

Sheet SETUP
A1: BlockBox Setup Lists
A2: Dropdown values and system lists used by the workbook.
A4: Block Types | B4: Statuses | C4: Categories | D4: Yes/No | E4: Release Types | F4: Owners
A5: Dynamic | B5: Development | C5: Utilities | D5: Yes | E5: PATCH | F5: Jason Hagen
A6: Static | B6: Testing | C6: Traffic | D6: No | E6: MINOR | F6: Cannon Construction
B7: Production | C7: Survey | E7: MAJOR
B8: Deprecated | C8: Restoration
B9: Archived | C9: Construction
C10: Details
C11: Existing Conditions
C12: Electrical
C13: Communications
C14: Water
C15: Sewer
C16: Gas

Sheet README
A1: How to Use This Workbook
A2: Starter guide for maintaining AutoCAD-BlockBox documentation.
A4: Section | B4: Instructions
A5: 1. Add blocks | B5: Add each block to BLOCK_CATALOG. Use D_ for Dynamic and S_ for Static.
A6: 2. Track visibility | B6: For dynamic blocks, add every visibility state to VISIBILITY_STATES.
A7: 3. Track attributes | B7: Add attribute tags, defaults, requirements, and notes in ATTRIBUTES.
A8: 4. Release changes | B8: Log releases in CHANGELOG and update the per-block markdown changelog.
A9: 5. Check releases | B9: Use RELEASE_TRACKER to see which blocks need publishing.
A10: 6. Export catalog | B10: Use CANVA_EXPORT later for Canva Bulk Create, PDF catalogs, or website content.
A11: 7. Never edit production | B11: All development happens in BLOCKS-Dev. BLOCKS-Release is output only.
