Workbook

Sheet ReadMe
A1: Pedestal Block Lookup Table (size/type visibility states)
A3: What this workbook does
A4: • Generates pedestal visibility states from the editable Parameters sheet. • Matches the same workbook feel as your vault lookup table. Included sizes: • Rectangles: 6x6, 8x8, 10x10, 12x12, 12x18, 12x24 • Circles: 9.5 dia, 10.75 dia, 12 dia, 13 dia • Large rectangles: 24x36, 24x42, 30x48 • Specialty: CAT HOUSE, DOG HOUSE Use the AutoCAD_Export sheet to copy visibility states into your dynamic block lookup table.

Sheet Parameters
A1: Parameters
A3: Pedestal Sizes (edit here; add rows for future sizes) | K3: Visibility Options | M3: Helper Counts (hidden)
A4: SizeCode | B4: SizeName (optional) | C4: Shape / Category | D4: Pedestal Width | E4: Pedestal Depth | F4: Pedestal Diameter | G4: VisibilityBase | H4: Notes | K4: OptionCode | L4: OptionLabel | M4: SizeCount | N4: =COUNT(A5:A104) -> 16
A5: 1 | B5: 8x8 PEDESTAL | C5: Rectangle | D5: 8 | E5: 8 | G5: STANDARD RECTANGLE | H5: =IF(A5<>"",IF(PedestalSizes[[#This Row],[Shape / Category]]="Rectangle",D5&"''x"&E5&"'' "&PedestalSizes[[#This Row],[Shape / Category]],IF(PedestalSizes[[#This Row],[Shape / Category]]="Circle",F5&"'' "&PedestalSizes[[#This Row],[Shape / Category]],"")),"") -> 8''x8'' Rectangle | K5: 1 | L5: Standard | M5: OptionCount | N5: =COUNT(K5:K104) -> 5
A6: 2 | B6: 12x12 PEDESTAL | C6: Rectangle | D6: 12 | E6: 12 | G6: STANDARD RECTANGLE | H6: =IF(A6<>"",IF(PedestalSizes[[#This Row],[Shape / Category]]="Rectangle",D6&"''x"&E6&"'' "&PedestalSizes[[#This Row],[Shape / Category]],IF(PedestalSizes[[#This Row],[Shape / Category]]="Circle",F6&"'' "&PedestalSizes[[#This Row],[Shape / Category]],"")),"") -> 12''x12'' Rectangle | K6: 2 | L6: With Label | M6: CombosPerSize | N6: =N5 -> 5
A7: 3 | B7: 12x24 PEDESTAL | C7: Rectangle | D7: 12 | E7: 24 | G7: STANDARD RECTANGLE | H7: =IF(A7<>"",IF(PedestalSizes[[#This Row],[Shape / Category]]="Rectangle",D7&"''x"&E7&"'' "&PedestalSizes[[#This Row],[Shape / Category]],IF(PedestalSizes[[#This Row],[Shape / Category]]="Circle",F7&"'' "&PedestalSizes[[#This Row],[Shape / Category]],"")),"") -> 12''x24'' Rectangle | K7: 3 | L7: With Callout | M7: MaxLookupRows | N7: =N4*N6 -> 80
A8: 4 | B8: 6x6 PEDESTAL | C8: Rectangle | D8: 6 | E8: 6 | G8: STANDARD RECTANGLE | H8: =IF(A8<>"",IF(PedestalSizes[[#This Row],[Shape / Category]]="Rectangle",D8&"''x"&E8&"'' "&PedestalSizes[[#This Row],[Shape / Category]],IF(PedestalSizes[[#This Row],[Shape / Category]]="Circle",F8&"'' "&PedestalSizes[[#This Row],[Shape / Category]],"")),"") -> 6''x6'' Rectangle | K8: 4 | L8: Existing
A9: 5 | B9: 10x10 PEDESTAL | C9: Rectangle | D9: 10 | E9: 10 | G9: STANDARD RECTANGLE | H9: =IF(A9<>"",IF(PedestalSizes[[#This Row],[Shape / Category]]="Rectangle",D9&"''x"&E9&"'' "&PedestalSizes[[#This Row],[Shape / Category]],IF(PedestalSizes[[#This Row],[Shape / Category]]="Circle",F9&"'' "&PedestalSizes[[#This Row],[Shape / Category]],"")),"") -> 10''x10'' Rectangle | K9: 5 | L9: Proposed
A10: 6 | B10: 12x18 PEDESTAL | C10: Rectangle | D10: 12 | E10: 18 | G10: STANDARD RECTANGLE | H10: =IF(A10<>"",IF(PedestalSizes[[#This Row],[Shape / Category]]="Rectangle",D10&"''x"&E10&"'' "&PedestalSizes[[#This Row],[Shape / Category]],IF(PedestalSizes[[#This Row],[Shape / Category]]="Circle",F10&"'' "&PedestalSizes[[#This Row],[Shape / Category]],"")),"") -> 12''x18'' Rectangle
A11: 7 | B11: 9.5 DIA PEDESTAL | C11: Circle | F11: 9.5 | G11: ROUND | H11: =IF(A11<>"",IF(PedestalSizes[[#This Row],[Shape / Category]]="Rectangle",D11&"''x"&E11&"'' "&PedestalSizes[[#This Row],[Shape / Category]],IF(PedestalSizes[[#This Row],[Shape / Category]]="Circle",F11&"'' "&PedestalSizes[[#This Row],[Shape / Category]],"")),"") -> 9.5'' Circle
A12: 8 | B12: 10.75 DIA PEDESTAL | C12: Circle | F12: 10.75 | G12: ROUND | H12: =IF(A12<>"",IF(PedestalSizes[[#This Row],[Shape / Category]]="Rectangle",D12&"''x"&E12&"'' "&PedestalSizes[[#This Row],[Shape / Category]],IF(PedestalSizes[[#This Row],[Shape / Category]]="Circle",F12&"'' "&PedestalSizes[[#This Row],[Shape / Category]],"")),"") -> 10.75'' Circle
A13: 9 | B13: 12 DIA PEDESTAL | C13: Circle | F13: 12 | G13: ROUND | H13: =IF(A13<>"",IF(PedestalSizes[[#This Row],[Shape / Category]]="Rectangle",D13&"''x"&E13&"'' "&PedestalSizes[[#This Row],[Shape / Category]],IF(PedestalSizes[[#This Row],[Shape / Category]]="Circle",F13&"'' "&PedestalSizes[[#This Row],[Shape / Category]],"")),"") -> 12'' Circle
A14: 10 | B14: 13 DIA PEDESTAL | C14: Circle | F14: 13 | G14: ROUND | H14: =IF(A14<>"",IF(PedestalSizes[[#This Row],[Shape / Category]]="Rectangle",D14&"''x"&E14&"'' "&PedestalSizes[[#This Row],[Shape / Category]],IF(PedestalSizes[[#This Row],[Shape / Category]]="Circle",F14&"'' "&PedestalSizes[[#This Row],[Shape / Category]],"")),"") -> 13'' Circle
A15: 11 | B15: 24x36 PEDESTAL | C15: Large Rectangle | D15: 24 | E15: 36 | G15: LARGE RECTANGLE | H15: =IF(A15<>"",IF(PedestalSizes[[#This Row],[Shape / Category]]="Rectangle",D15&"''x"&E15&"'' "&PedestalSizes[[#This Row],[Shape / Category]],IF(PedestalSizes[[#This Row],[Shape / Category]]="Circle",F15&"'' "&PedestalSizes[[#This Row],[Shape / Category]],"")),"")
A16: 12 | B16: 24x42 PEDESTAL | C16: Large Rectangle | D16: 24 | E16: 42 | G16: LARGE RECTANGLE | H16: =IF(A16<>"",IF(PedestalSizes[[#This Row],[Shape / Category]]="Rectangle",D16&"''x"&E16&"'' "&PedestalSizes[[#This Row],[Shape / Category]],IF(PedestalSizes[[#This Row],[Shape / Category]]="Circle",F16&"'' "&PedestalSizes[[#This Row],[Shape / Category]],"")),"")
A17: 13 | B17: 30x48 PEDESTAL | C17: Large Rectangle | D17: 30 | E17: 48 | G17: LARGE RECTANGLE | H17: =IF(A17<>"",IF(PedestalSizes[[#This Row],[Shape / Category]]="Rectangle",D17&"''x"&E17&"'' "&PedestalSizes[[#This Row],[Shape / Category]],IF(PedestalSizes[[#This Row],[Shape / Category]]="Circle",F17&"'' "&PedestalSizes[[#This Row],[Shape / Category]],"")),"")
A18: 14 | B18: CAT HOUSE | C18: House | G18: CAT HOUSE | H18: =IF(A18<>"",IF(PedestalSizes[[#This Row],[Shape / Category]]="Rectangle",D18&"''x"&E18&"'' "&PedestalSizes[[#This Row],[Shape / Category]],IF(PedestalSizes[[#This Row],[Shape / Category]]="Circle",F18&"'' "&PedestalSizes[[#This Row],[Shape / Category]],"")),"")
A19: 15 | B19: DOG HOUSE | C19: House | G19: DOG HOUSE | H19: =IF(A19<>"",IF(PedestalSizes[[#This Row],[Shape / Category]]="Rectangle",D19&"''x"&E19&"'' "&PedestalSizes[[#This Row],[Shape / Category]],IF(PedestalSizes[[#This Row],[Shape / Category]]="Circle",F19&"'' "&PedestalSizes[[#This Row],[Shape / Category]],"")),"")
A20: 16 | B20: 36x48 | C20: Large Rectangle | D20: 36 | E20: 48 | G20: LARGE RECTANGLE | H20: =IF(A20<>"",IF(PedestalSizes[[#This Row],[Shape / Category]]="Rectangle",D20&"''x"&E20&"'' "&PedestalSizes[[#This Row],[Shape / Category]],IF(PedestalSizes[[#This Row],[Shape / Category]]="Circle",F20&"'' "&PedestalSizes[[#This Row],[Shape / Category]],"")),"")
H21: =IF(A21<>"",IF(PedestalSizes[[#This Row],[Shape / Category]]="Rectangle",D21&"''x"&E21&"'' "&PedestalSizes[[#This Row],[Shape / Category]],IF(PedestalSizes[[#This Row],[Shape / Category]]="Circle",F21&"'' "&PedestalSizes[[#This Row],[Shape / Category]],"")),"")
H22: =IF(A22<>"",IF(PedestalSizes[[#This Row],[Shape / Category]]="Rectangle",D22&"''x"&E22&"'' "&PedestalSizes[[#This Row],[Shape / Category]],IF(PedestalSizes[[#This Row],[Shape / Category]]="Circle",F22&"'' "&PedestalSizes[[#This Row],[Shape / Category]],"")),"")
H23: =IF(A23<>"",IF(PedestalSizes[[#This Row],[Shape / Category]]="Rectangle",D23&"''x"&E23&"'' "&PedestalSizes[[#This Row],[Shape / Category]],IF(PedestalSizes[[#This Row],[Shape / Category]]="Circle",F23&"'' "&PedestalSizes[[#This Row],[Shape / Category]],"")),"")
H24: =IF(A24<>"",IF(PedestalSizes[[#This Row],[Shape / Category]]="Rectangle",D24&"''x"&E24&"'' "&PedestalSizes[[#This Row],[Shape / Category]],IF(PedestalSizes[[#This Row],[Shape / Category]]="Circle",F24&"'' "&PedestalSizes[[#This Row],[Shape / Category]],"")),"")
H25: =IF(A25<>"",IF(PedestalSizes[[#This Row],[Shape / Category]]="Rectangle",D25&"''x"&E25&"'' "&PedestalSizes[[#This Row],[Shape / Category]],IF(PedestalSizes[[#This Row],[Shape / Category]]="Circle",F25&"'' "&PedestalSizes[[#This Row],[Shape / Category]],"")),"")
H26: =IF(A26<>"",IF(PedestalSizes[[#This Row],[Shape / Category]]="Rectangle",D26&"''x"&E26&"'' "&PedestalSizes[[#This Row],[Shape / Category]],IF(PedestalSizes[[#This Row],[Shape / Category]]="Circle",F26&"'' "&PedestalSizes[[#This Row],[Shape / Category]],"")),"")
H27: =IF(A27<>"",IF(PedestalSizes[[#This Row],[Shape / Category]]="Rectangle",D27&"''x"&E27&"'' "&PedestalSizes[[#This Row],[Shape / Category]],IF(PedestalSizes[[#This Row],[Shape / Category]]="Circle",F27&"'' "&PedestalSizes[[#This Row],[Shape / Category]],"")),"")
H28: =IF(A28<>"",IF(PedestalSizes[[#This Row],[Shape / Category]]="Rectangle",D28&"''x"&E28&"'' "&PedestalSizes[[#This Row],[Shape / Category]],IF(PedestalSizes[[#This Row],[Shape / Category]]="Circle",F28&"'' "&PedestalSizes[[#This Row],[Shape / Category]],"")),"")
H29: =IF(A29<>"",IF(PedestalSizes[[#This Row],[Shape / Category]]="Rectangle",D29&"''x"&E29&"'' "&PedestalSizes[[#This Row],[Shape / Category]],IF(PedestalSizes[[#This Row],[Shape / Category]]="Circle",F29&"'' "&PedestalSizes[[#This Row],[Shape / Category]],"")),"")
H30: =IF(A30<>"",IF(PedestalSizes[[#This Row],[Shape / Category]]="Rectangle",D30&"''x"&E30&"'' "&PedestalSizes[[#This Row],[Shape / Category]],IF(PedestalSizes[[#This Row],[Shape / Category]]="Circle",F30&"'' "&PedestalSizes[[#This Row],[Shape / Category]],"")),"")
H31: =IF(A31<>"",IF(PedestalSizes[[#This Row],[Shape / Category]]="Rectangle",D31&"''x"&E31&"'' "&PedestalSizes[[#This Row],[Shape / Category]],IF(PedestalSizes[[#This Row],[Shape / Category]]="Circle",F31&"'' "&PedestalSizes[[#This Row],[Shape / Category]],"")),"")
H32: =IF(A32<>"",IF(PedestalSizes[[#This Row],[Shape / Category]]="Rectangle",D32&"''x"&E32&"'' "&PedestalSizes[[#This Row],[Shape / Category]],IF(PedestalSizes[[#This Row],[Shape / Category]]="Circle",F32&"'' "&PedestalSizes[[#This Row],[Shape / Category]],"")),"")
... H104: =IF(A104<>"",IF(PedestalSizes[[#This Row],[Shape / Category]]="Rectangle",D104&"''x"&E104&"'' "&PedestalSizes[[#This Row],[Shape / Category]],IF(PedestalSizes[[#This Row],[Shape / Category]]="Circle",F104&"'' "&PedestalSizes[[#This Row],[Shape / Category]],"")),"")

Sheet PEDESTALS (LookupTable)
A1: Lookup Table (generated from Parameters: pedestal size/type + visibility options)
A3: SizeCode | B3: OptionCode | C3: ComboCode | D3: OptionText | E3: Shape | F3: VisibilityBase | G3: VisibilityState | H3: Description | I3: SizeName
A4: =IF(ROW()-3<=Parameters!$N$7,INT((ROW()-4)/Parameters!$N$6)+1,"") -> 1 | B4: =IF(A4="","",MOD(ROW()-4,Parameters!$N$6)+1) -> 1 | C4: =IF(A4="","",A4&"-"&B4) -> 1-1 | D4: {=IF(B4="","",INDEX(Parameters!$L$5:$L$104,B4))} -> Standard | E4: {=IF(A4="","",INDEX(Parameters!$C$5:$C$104,A4))} -> Rectangle | F4: {=IF(A4="","",INDEX(Parameters!$G$5:$G$104,A4))} -> STANDARD RECTANGLE | G4: =IF(F4="","",F4&"_"&UPPER(SUBSTITUTE(D4," ","_"))) -> STANDARD RECTANGLE_STANDARD | H4: =IF(A4="","",I4&" / "&E4&" / Visibility: "&D4) -> 8x8 PEDESTAL / Rectangle / Visibility: Standard | I4: {=IF(A4="","",INDEX(Parameters!$B$5:$B$104,A4))} -> 8x8 PEDESTAL
A5: =IF(ROW()-3<=Parameters!$N$7,INT((ROW()-4)/Parameters!$N$6)+1,"") -> 1 | B5: =IF(A5="","",MOD(ROW()-4,Parameters!$N$6)+1) -> 2 | C5: =IF(A5="","",A5&"-"&B5) -> 1-2 | D5: {=IF(B5="","",INDEX(Parameters!$L$5:$L$104,B5))} -> With Label | E5: {=IF(A5="","",INDEX(Parameters!$C$5:$C$104,A5))} -> Rectangle | F5: {=IF(A5="","",INDEX(Parameters!$G$5:$G$104,A5))} -> STANDARD RECTANGLE | G5: =IF(F5="","",F5&"_"&UPPER(SUBSTITUTE(D5," ","_"))) -> STANDARD RECTANGLE_WITH_LABEL | H5: =IF(A5="","",I5&" / "&E5&" / Visibility: "&D5) -> 8x8 PEDESTAL / Rectangle / Visibility: With Label | I5: {=IF(A5="","",INDEX(Parameters!$B$5:$B$104,A5))} -> 8x8 PEDESTAL
A6: =IF(ROW()-3<=Parameters!$N$7,INT((ROW()-4)/Parameters!$N$6)+1,"") -> 1 | B6: =IF(A6="","",MOD(ROW()-4,Parameters!$N$6)+1) -> 3 | C6: =IF(A6="","",A6&"-"&B6) -> 1-3 | D6: {=IF(B6="","",INDEX(Parameters!$L$5:$L$104,B6))} -> With Callout | E6: {=IF(A6="","",INDEX(Parameters!$C$5:$C$104,A6))} -> Rectangle | F6: {=IF(A6="","",INDEX(Parameters!$G$5:$G$104,A6))} -> STANDARD RECTANGLE | G6: =IF(F6="","",F6&"_"&UPPER(SUBSTITUTE(D6," ","_"))) -> STANDARD RECTANGLE_WITH_CALLOUT | H6: =IF(A6="","",I6&" / "&E6&" / Visibility: "&D6) -> 8x8 PEDESTAL / Rectangle / Visibility: With Callout | I6: {=IF(A6="","",INDEX(Parameters!$B$5:$B$104,A6))} -> 8x8 PEDESTAL
A7: =IF(ROW()-3<=Parameters!$N$7,INT((ROW()-4)/Parameters!$N$6)+1,"") -> 1 | B7: =IF(A7="","",MOD(ROW()-4,Parameters!$N$6)+1) -> 4 | C7: =IF(A7="","",A7&"-"&B7) -> 1-4 | D7: {=IF(B7="","",INDEX(Parameters!$L$5:$L$104,B7))} -> Existing | E7: {=IF(A7="","",INDEX(Parameters!$C$5:$C$104,A7))} -> Rectangle | F7: {=IF(A7="","",INDEX(Parameters!$G$5:$G$104,A7))} -> STANDARD RECTANGLE | G7: =IF(F7="","",F7&"_"&UPPER(SUBSTITUTE(D7," ","_"))) -> STANDARD RECTANGLE_EXISTING | H7: =IF(A7="","",I7&" / "&E7&" / Visibility: "&D7) -> 8x8 PEDESTAL / Rectangle / Visibility: Existing | I7: {=IF(A7="","",INDEX(Parameters!$B$5:$B$104,A7))} -> 8x8 PEDESTAL
A8: =IF(ROW()-3<=Parameters!$N$7,INT((ROW()-4)/Parameters!$N$6)+1,"") -> 1 | B8: =IF(A8="","",MOD(ROW()-4,Parameters!$N$6)+1) -> 5 | C8: =IF(A8="","",A8&"-"&B8) -> 1-5 | D8: {=IF(B8="","",INDEX(Parameters!$L$5:$L$104,B8))} -> Proposed | E8: {=IF(A8="","",INDEX(Parameters!$C$5:$C$104,A8))} -> Rectangle | F8: {=IF(A8="","",INDEX(Parameters!$G$5:$G$104,A8))} -> STANDARD RECTANGLE | G8: =IF(F8="","",F8&"_"&UPPER(SUBSTITUTE(D8," ","_"))) -> STANDARD RECTANGLE_PROPOSED | H8: =IF(A8="","",I8&" / "&E8&" / Visibility: "&D8) -> 8x8 PEDESTAL / Rectangle / Visibility: Proposed | I8: {=IF(A8="","",INDEX(Parameters!$B$5:$B$104,A8))} -> 8x8 PEDESTAL
A9: =IF(ROW()-3<=Parameters!$N$7,INT((ROW()-4)/Parameters!$N$6)+1,"") -> 2 | B9: =IF(A9="","",MOD(ROW()-4,Parameters!$N$6)+1) -> 1 | C9: =IF(A9="","",A9&"-"&B9) -> 2-1 | D9: {=IF(B9="","",INDEX(Parameters!$L$5:$L$104,B9))} -> Standard | E9: {=IF(A9="","",INDEX(Parameters!$C$5:$C$104,A9))} -> Rectangle | F9: {=IF(A9="","",INDEX(Parameters!$G$5:$G$104,A9))} -> STANDARD RECTANGLE | G9: =IF(F9="","",F9&"_"&UPPER(SUBSTITUTE(D9," ","_"))) -> STANDARD RECTANGLE_STANDARD | H9: =IF(A9="","",I9&" / "&E9&" / Visibility: "&D9) -> 12x12 PEDESTAL / Rectangle / Visibility: Standard | I9: {=IF(A9="","",INDEX(Parameters!$B$5:$B$104,A9))} -> 12x12 PEDESTAL
A10: =IF(ROW()-3<=Parameters!$N$7,INT((ROW()-4)/Parameters!$N$6)+1,"") -> 2 | B10: =IF(A10="","",MOD(ROW()-4,Parameters!$N$6)+1) -> 2 | C10: =IF(A10="","",A10&"-"&B10) -> 2-2 | D10: {=IF(B10="","",INDEX(Parameters!$L$5:$L$104,B10))} -> With Label | E10: {=IF(A10="","",INDEX(Parameters!$C$5:$C$104,A10))} -> Rectangle | F10: {=IF(A10="","",INDEX(Parameters!$G$5:$G$104,A10))} -> STANDARD RECTANGLE | G10: =IF(F10="","",F10&"_"&UPPER(SUBSTITUTE(D10," ","_"))) -> STANDARD RECTANGLE_WITH_LABEL | H10: =IF(A10="","",I10&" / "&E10&" / Visibility: "&D10) -> 12x12 PEDESTAL / Rectangle / Visibility: With Label | I10: {=IF(A10="","",INDEX(Parameters!$B$5:$B$104,A10))} -> 12x12 PEDESTAL
A11: =IF(ROW()-3<=Parameters!$N$7,INT((ROW()-4)/Parameters!$N$6)+1,"") -> 2 | B11: =IF(A11="","",MOD(ROW()-4,Parameters!$N$6)+1) -> 3 | C11: =IF(A11="","",A11&"-"&B11) -> 2-3 | D11: {=IF(B11="","",INDEX(Parameters!$L$5:$L$104,B11))} -> With Callout | E11: {=IF(A11="","",INDEX(Parameters!$C$5:$C$104,A11))} -> Rectangle | F11: {=IF(A11="","",INDEX(Parameters!$G$5:$G$104,A11))} -> STANDARD RECTANGLE | G11: =IF(F11="","",F11&"_"&UPPER(SUBSTITUTE(D11," ","_"))) -> STANDARD RECTANGLE_WITH_CALLOUT | H11: =IF(A11="","",I11&" / "&E11&" / Visibility: "&D11) -> 12x12 PEDESTAL / Rectangle / Visibility: With Callout | I11: {=IF(A11="","",INDEX(Parameters!$B$5:$B$104,A11))} -> 12x12 PEDESTAL
A12: =IF(ROW()-3<=Parameters!$N$7,INT((ROW()-4)/Parameters!$N$6)+1,"") -> 2 | B12: =IF(A12="","",MOD(ROW()-4,Parameters!$N$6)+1) -> 4 | C12: =IF(A12="","",A12&"-"&B12) -> 2-4 | D12: {=IF(B12="","",INDEX(Parameters!$L$5:$L$104,B12))} -> Existing | E12: {=IF(A12="","",INDEX(Parameters!$C$5:$C$104,A12))} -> Rectangle | F12: {=IF(A12="","",INDEX(Parameters!$G$5:$G$104,A12))} -> STANDARD RECTANGLE | G12: =IF(F12="","",F12&"_"&UPPER(SUBSTITUTE(D12," ","_"))) -> STANDARD RECTANGLE_EXISTING | H12: =IF(A12="","",I12&" / "&E12&" / Visibility: "&D12) -> 12x12 PEDESTAL / Rectangle / Visibility: Existing | I12: {=IF(A12="","",INDEX(Parameters!$B$5:$B$104,A12))} -> 12x12 PEDESTAL
A13: =IF(ROW()-3<=Parameters!$N$7,INT((ROW()-4)/Parameters!$N$6)+1,"") -> 2 | B13: =IF(A13="","",MOD(ROW()-4,Parameters!$N$6)+1) -> 5 | C13: =IF(A13="","",A13&"-"&B13) -> 2-5 | D13: {=IF(B13="","",INDEX(Parameters!$L$5:$L$104,B13))} -> Proposed | E13: {=IF(A13="","",INDEX(Parameters!$C$5:$C$104,A13))} -> Rectangle | F13: {=IF(A13="","",INDEX(Parameters!$G$5:$G$104,A13))} -> STANDARD RECTANGLE | G13: =IF(F13="","",F13&"_"&UPPER(SUBSTITUTE(D13," ","_"))) -> STANDARD RECTANGLE_PROPOSED | H13: =IF(A13="","",I13&" / "&E13&" / Visibility: "&D13) -> 12x12 PEDESTAL / Rectangle / Visibility: Proposed | I13: {=IF(A13="","",INDEX(Parameters!$B$5:$B$104,A13))} -> 12x12 PEDESTAL
A14: =IF(ROW()-3<=Parameters!$N$7,INT((ROW()-4)/Parameters!$N$6)+1,"") -> 3 | B14: =IF(A14="","",MOD(ROW()-4,Parameters!$N$6)+1) -> 1 | C14: =IF(A14="","",A14&"-"&B14) -> 3-1 | D14: {=IF(B14="","",INDEX(Parameters!$L$5:$L$104,B14))} -> Standard | E14: {=IF(A14="","",INDEX(Parameters!$C$5:$C$104,A14))} -> Rectangle | F14: {=IF(A14="","",INDEX(Parameters!$G$5:$G$104,A14))} -> STANDARD RECTANGLE | G14: =IF(F14="","",F14&"_"&UPPER(SUBSTITUTE(D14," ","_"))) -> STANDARD RECTANGLE_STANDARD | H14: =IF(A14="","",I14&" / "&E14&" / Visibility: "&D14) -> 12x24 PEDESTAL / Rectangle / Visibility: Standard | I14: {=IF(A14="","",INDEX(Parameters!$B$5:$B$104,A14))} -> 12x24 PEDESTAL
A15: =IF(ROW()-3<=Parameters!$N$7,INT((ROW()-4)/Parameters!$N$6)+1,"") -> 3 | B15: =IF(A15="","",MOD(ROW()-4,Parameters!$N$6)+1) -> 2 | C15: =IF(A15="","",A15&"-"&B15) -> 3-2 | D15: {=IF(B15="","",INDEX(Parameters!$L$5:$L$104,B15))} -> With Label | E15: {=IF(A15="","",INDEX(Parameters!$C$5:$C$104,A15))} -> Rectangle | F15: {=IF(A15="","",INDEX(Parameters!$G$5:$G$104,A15))} -> STANDARD RECTANGLE | G15: =IF(F15="","",F15&"_"&UPPER(SUBSTITUTE(D15," ","_"))) -> STANDARD RECTANGLE_WITH_LABEL | H15: =IF(A15="","",I15&" / "&E15&" / Visibility: "&D15) -> 12x24 PEDESTAL / Rectangle / Visibility: With Label | I15: {=IF(A15="","",INDEX(Parameters!$B$5:$B$104,A15))} -> 12x24 PEDESTAL
... A159: =IF(ROW()-3<=Parameters!$N$7,INT((ROW()-4)/Parameters!$N$6)+1,"") | B159: =IF(A159="","",MOD(ROW()-4,Parameters!$N$6)+1) | C159: =IF(A159="","",A159&"-"&B159) | D159: {=IF(B159="","",INDEX(Parameters!$L$5:$L$104,B159))} | E159: {=IF(A159="","",INDEX(Parameters!$C$5:$C$104,A159))} | F159: {=IF(A159="","",INDEX(Parameters!$G$5:$G$104,A159))} | G159: =IF(F159="","",F159&"_"&UPPER(SUBSTITUTE(D159," ","_"))) | H159: =IF(A159="","",I159&" / "&E159&" / Visibility: "&D159) | I159: {=IF(A159="","",INDEX(Parameters!$B$5:$B$104,A159))}

Sheet PEDESTALS (AutoCAD_Export)
A1: AutoCAD Export (filter out blank SizeCode rows, then copy/paste into the block lookup table)
A3: PedestalSize | B3: Shape | C3: VisibilityState | D3: ComboCode | E3: AutoCAD Built | F3: Description
A4: {=IFERROR(INDEX('PEDESTALS (LookupTable)'!$A$4:$A$503,ROW()-3),"")} -> 1 | B4: {=IFERROR(INDEX('PEDESTALS (LookupTable)'!$E$4:$E$503,ROW()-3),"")} -> Rectangle | C4: {=IFERROR(INDEX('PEDESTALS (LookupTable)'!$G$4:$G$503,ROW()-3),"")} -> STANDARD RECTANGLE_STANDARD | D4: {=IFERROR(INDEX('PEDESTALS (LookupTable)'!$C$4:$C$503,ROW()-3),"")} -> 1-1 | F4: {=IFERROR(INDEX('PEDESTALS (LookupTable)'!$H$4:$H$503,ROW()-3),"")} -> 8x8 PEDESTAL / Rectangle / Visibility: Standard
A5: {=IFERROR(INDEX('PEDESTALS (LookupTable)'!$A$4:$A$503,ROW()-3),"")} -> 1 | B5: {=IFERROR(INDEX('PEDESTALS (LookupTable)'!$E$4:$E$503,ROW()-3),"")} -> Rectangle | C5: {=IFERROR(INDEX('PEDESTALS (LookupTable)'!$G$4:$G$503,ROW()-3),"")} -> STANDARD RECTANGLE_WITH_LABEL | D5: {=IFERROR(INDEX('PEDESTALS (LookupTable)'!$C$4:$C$503,ROW()-3),"")} -> 1-2 | F5: {=IFERROR(INDEX('PEDESTALS (LookupTable)'!$H$4:$H$503,ROW()-3),"")} -> 8x8 PEDESTAL / Rectangle / Visibility: With Label
A6: {=IFERROR(INDEX('PEDESTALS (LookupTable)'!$A$4:$A$503,ROW()-3),"")} -> 1 | B6: {=IFERROR(INDEX('PEDESTALS (LookupTable)'!$E$4:$E$503,ROW()-3),"")} -> Rectangle | C6: {=IFERROR(INDEX('PEDESTALS (LookupTable)'!$G$4:$G$503,ROW()-3),"")} -> STANDARD RECTANGLE_WITH_CALLOUT | D6: {=IFERROR(INDEX('PEDESTALS (LookupTable)'!$C$4:$C$503,ROW()-3),"")} -> 1-3 | F6: {=IFERROR(INDEX('PEDESTALS (LookupTable)'!$H$4:$H$503,ROW()-3),"")} -> 8x8 PEDESTAL / Rectangle / Visibility: With Callout
A7: {=IFERROR(INDEX('PEDESTALS (LookupTable)'!$A$4:$A$503,ROW()-3),"")} -> 1 | B7: {=IFERROR(INDEX('PEDESTALS (LookupTable)'!$E$4:$E$503,ROW()-3),"")} -> Rectangle | C7: {=IFERROR(INDEX('PEDESTALS (LookupTable)'!$G$4:$G$503,ROW()-3),"")} -> STANDARD RECTANGLE_EXISTING | D7: {=IFERROR(INDEX('PEDESTALS (LookupTable)'!$C$4:$C$503,ROW()-3),"")} -> 1-4 | F7: {=IFERROR(INDEX('PEDESTALS (LookupTable)'!$H$4:$H$503,ROW()-3),"")} -> 8x8 PEDESTAL / Rectangle / Visibility: Existing
A8: {=IFERROR(INDEX('PEDESTALS (LookupTable)'!$A$4:$A$503,ROW()-3),"")} -> 1 | B8: {=IFERROR(INDEX('PEDESTALS (LookupTable)'!$E$4:$E$503,ROW()-3),"")} -> Rectangle | C8: {=IFERROR(INDEX('PEDESTALS (LookupTable)'!$G$4:$G$503,ROW()-3),"")} -> STANDARD RECTANGLE_PROPOSED | D8: {=IFERROR(INDEX('PEDESTALS (LookupTable)'!$C$4:$C$503,ROW()-3),"")} -> 1-5 | F8: {=IFERROR(INDEX('PEDESTALS (LookupTable)'!$H$4:$H$503,ROW()-3),"")} -> 8x8 PEDESTAL / Rectangle / Visibility: Proposed
A9: {=IFERROR(INDEX('PEDESTALS (LookupTable)'!$A$4:$A$503,ROW()-3),"")} -> 2 | B9: {=IFERROR(INDEX('PEDESTALS (LookupTable)'!$E$4:$E$503,ROW()-3),"")} -> Rectangle | C9: {=IFERROR(INDEX('PEDESTALS (LookupTable)'!$G$4:$G$503,ROW()-3),"")} -> STANDARD RECTANGLE_STANDARD | D9: {=IFERROR(INDEX('PEDESTALS (LookupTable)'!$C$4:$C$503,ROW()-3),"")} -> 2-1 | F9: {=IFERROR(INDEX('PEDESTALS (LookupTable)'!$H$4:$H$503,ROW()-3),"")} -> 12x12 PEDESTAL / Rectangle / Visibility: Standard
A10: {=IFERROR(INDEX('PEDESTALS (LookupTable)'!$A$4:$A$503,ROW()-3),"")} -> 2 | B10: {=IFERROR(INDEX('PEDESTALS (LookupTable)'!$E$4:$E$503,ROW()-3),"")} -> Rectangle | C10: {=IFERROR(INDEX('PEDESTALS (LookupTable)'!$G$4:$G$503,ROW()-3),"")} -> STANDARD RECTANGLE_WITH_LABEL | D10: {=IFERROR(INDEX('PEDESTALS (LookupTable)'!$C$4:$C$503,ROW()-3),"")} -> 2-2 | F10: {=IFERROR(INDEX('PEDESTALS (LookupTable)'!$H$4:$H$503,ROW()-3),"")} -> 12x12 PEDESTAL / Rectangle / Visibility: With Label
A11: {=IFERROR(INDEX('PEDESTALS (LookupTable)'!$A$4:$A$503,ROW()-3),"")} -> 2 | B11: {=IFERROR(INDEX('PEDESTALS (LookupTable)'!$E$4:$E$503,ROW()-3),"")} -> Rectangle | C11: {=IFERROR(INDEX('PEDESTALS (LookupTable)'!$G$4:$G$503,ROW()-3),"")} -> STANDARD RECTANGLE_WITH_CALLOUT | D11: {=IFERROR(INDEX('PEDESTALS (LookupTable)'!$C$4:$C$503,ROW()-3),"")} -> 2-3 | F11: {=IFERROR(INDEX('PEDESTALS (LookupTable)'!$H$4:$H$503,ROW()-3),"")} -> 12x12 PEDESTAL / Rectangle / Visibility: With Callout
A12: {=IFERROR(INDEX('PEDESTALS (LookupTable)'!$A$4:$A$503,ROW()-3),"")} -> 2 | B12: {=IFERROR(INDEX('PEDESTALS (LookupTable)'!$E$4:$E$503,ROW()-3),"")} -> Rectangle | C12: {=IFERROR(INDEX('PEDESTALS (LookupTable)'!$G$4:$G$503,ROW()-3),"")} -> STANDARD RECTANGLE_EXISTING | D12: {=IFERROR(INDEX('PEDESTALS (LookupTable)'!$C$4:$C$503,ROW()-3),"")} -> 2-4 | F12: {=IFERROR(INDEX('PEDESTALS (LookupTable)'!$H$4:$H$503,ROW()-3),"")} -> 12x12 PEDESTAL / Rectangle / Visibility: Existing
A13: {=IFERROR(INDEX('PEDESTALS (LookupTable)'!$A$4:$A$503,ROW()-3),"")} -> 2 | B13: {=IFERROR(INDEX('PEDESTALS (LookupTable)'!$E$4:$E$503,ROW()-3),"")} -> Rectangle | C13: {=IFERROR(INDEX('PEDESTALS (LookupTable)'!$G$4:$G$503,ROW()-3),"")} -> STANDARD RECTANGLE_PROPOSED | D13: {=IFERROR(INDEX('PEDESTALS (LookupTable)'!$C$4:$C$503,ROW()-3),"")} -> 2-5 | F13: {=IFERROR(INDEX('PEDESTALS (LookupTable)'!$H$4:$H$503,ROW()-3),"")} -> 12x12 PEDESTAL / Rectangle / Visibility: Proposed
A14: {=IFERROR(INDEX('PEDESTALS (LookupTable)'!$A$4:$A$503,ROW()-3),"")} -> 3 | B14: {=IFERROR(INDEX('PEDESTALS (LookupTable)'!$E$4:$E$503,ROW()-3),"")} -> Rectangle | C14: {=IFERROR(INDEX('PEDESTALS (LookupTable)'!$G$4:$G$503,ROW()-3),"")} -> STANDARD RECTANGLE_STANDARD | D14: {=IFERROR(INDEX('PEDESTALS (LookupTable)'!$C$4:$C$503,ROW()-3),"")} -> 3-1 | F14: {=IFERROR(INDEX('PEDESTALS (LookupTable)'!$H$4:$H$503,ROW()-3),"")} -> 12x24 PEDESTAL / Rectangle / Visibility: Standard
A15: {=IFERROR(INDEX('PEDESTALS (LookupTable)'!$A$4:$A$503,ROW()-3),"")} -> 3 | B15: {=IFERROR(INDEX('PEDESTALS (LookupTable)'!$E$4:$E$503,ROW()-3),"")} -> Rectangle | C15: {=IFERROR(INDEX('PEDESTALS (LookupTable)'!$G$4:$G$503,ROW()-3),"")} -> STANDARD RECTANGLE_WITH_LABEL | D15: {=IFERROR(INDEX('PEDESTALS (LookupTable)'!$C$4:$C$503,ROW()-3),"")} -> 3-2 | F15: {=IFERROR(INDEX('PEDESTALS (LookupTable)'!$H$4:$H$503,ROW()-3),"")} -> 12x24 PEDESTAL / Rectangle / Visibility: With Label
... A78: {=IFERROR(INDEX('PEDESTALS (LookupTable)'!$A$4:$A$503,ROW()-3),"")} -> 15 | B78: {=IFERROR(INDEX('PEDESTALS (LookupTable)'!$E$4:$E$503,ROW()-3),"")} -> House | C78: {=IFERROR(INDEX('PEDESTALS (LookupTable)'!$G$4:$G$503,ROW()-3),"")} -> DOG HOUSE_PROPOSED | D78: {=IFERROR(INDEX('PEDESTALS (LookupTable)'!$C$4:$C$503,ROW()-3),"")} -> 15-5 | F78: {=IFERROR(INDEX('PEDESTALS (LookupTable)'!$H$4:$H$503,ROW()-3),"")} -> DOG HOUSE / House / Visibility: Proposed
